us-alabama	34172	12180	1	The University of Alabama	Tuscaloosa
us-american	58771	58771	2	American University	Washington
us-asu	33139	12223	1	Arizona State University Campus Immersion	Tempe
us-auburn	34922	12890	1	Auburn University	Auburn
us-baylor	58100	58100	2	Baylor University	Waco
us-berkeley	50547	16347	1	University of California-Berkeley	Berkeley
us-binghamton	30447	10567	1	Binghamton University	Vestal
us-boston-college	70702	70702	2	Boston College	Chestnut Hill
us-brandeis	68080	68080	2	Brandeis University	Waltham
us-brown	71412	71412	2	Brown University	Providence
us-bu	68102	68102	2	Boston University	Boston
us-byu	6688	6688	2	Brigham Young University	Provo
us-caltech	65898	65898	2	California Institute of Technology	Pasadena
us-case-western	66608	66608	2	Case Western Reserve University	Cleveland
us-clark	58867	58867	2	Clark University	Worcester
us-clemson	40866	15554	1	Clemson University	Clemson
us-cleveland-state	18510	12988	1	Cleveland State University	Cleveland
us-cmu	66246	66246	2	Carnegie Mellon University	Pittsburgh
us-colorado-boulder	44918	15666	1	University of Colorado Boulder	Boulder
us-colorado-mines	45824	21914	1	Colorado School of Mines	Golden
us-columbia	71845	71845	2	Columbia University in the City of New York	New York
us-cornell	69314	69314	2	Cornell University	Ithaca
us-dartmouth	68268	68268	2	Dartmouth College	Hanover
us-dayton	49140	49140	2	University of Dayton	Dayton
us-delaware	41400	16810	1	University of Delaware	Newark
us-denver	61398	61398	2	University of Denver	Denver
us-drew	47100	47100	2	Drew University	Madison
us-drexel	62412	62412	2	Drexel University	Philadelphia
us-duke	68758	68758	2	Duke University	Durham
us-emory	64280	64280	2	Emory University	Atlanta
us-fiu	18964	6565	1	Florida International University	Miami
us-florida	28659	6381	1	University of Florida	Gainesville
us-florida-state	18786	5656	1	Florida State University	Tallahassee
us-fordham	64915	64915	2	Fordham University	Bronx
us-george-mason	38688	14220	1	George Mason University	Fairfax
us-georgetown	68017	68017	2	Georgetown University	Washington
us-georgia	31688	11450	1	University of Georgia	Athens
us-georgia-tech	34484	12058	1	Georgia Institute of Technology-Main Campus	Atlanta
us-gonzaga	55480	55480	2	Gonzaga University	Spokane
us-gwu	67710	67710	2	George Washington University	Washington
us-harvard	61676	61676	2	Harvard University	Cambridge
us-hofstra	57660	57660	2	Hofstra University	Hempstead
us-indiana	41891	12144	1	Indiana University-Bloomington	Bloomington
us-iowa	33371	11283	1	University of Iowa	Iowa City
us-james-madison	31604	14250	1	James Madison University	Harrisonburg
us-jhu	65230	65230	2	Johns Hopkins University	Baltimore
us-lehigh	64980	64980	2	Lehigh University	Bethlehem
us-lsu	28631	11954	1	Louisiana State University and Agricultural & Mechanical College	Baton Rouge
us-marquette	51170	51170	2	Marquette University	Milwaukee
us-maryland	41186	11809	1	University of Maryland-College Park	College Park
us-miami	62616	62616	2	University of Miami	Coral Gables
us-miami-ohio	41221	18161	1	Miami University-Oxford	Oxford
us-michigan	60946	17736	1	University of Michigan-Ann Arbor	Ann Arbor
us-michigan-state	43842	16458	1	Michigan State University	East Lansing
us-minnesota	38362	17214	1	University of Minnesota-Twin Cities	Minneapolis
us-missouri	36056	14837	1	University of Missouri-Columbia	Columbia
us-missouri-st	33248	14984	1	Missouri University of Science and Technology	Rolla
us-mit	62396	62396	2	Massachusetts Institute of Technology	Cambridge
us-nc-state	32847	8799	1	North Carolina State University at Raleigh	Raleigh
us-nebraska	28584	10434	1	University of Nebraska-Lincoln	Lincoln
us-new-hampshire	39852	19202	1	University of New Hampshire-Main Campus	Durham
us-northeastern	67778	67778	2	Northeastern University Oakland	Oakland
us-northwestern	68322	68322	2	Northwestern University	Evanston
us-notre-dame	65025	65025	2	University of Notre Dame	Notre Dame
us-nyu	62796	62796	2	New York University	New York
us-oregon	44598	16137	1	University of Oregon	Eugene
us-oregon-state	38190	14400	1	Oregon State University	Corvallis
us-pace	53290	53290	2	Pace University	New York
us-penn-state	41790	20644	1	Pennsylvania State University-Main Campus	University Park
us-pepperdine	69918	69918	2	Pepperdine University	Malibu
us-pittsburgh	41430	21926	1	University of Pittsburgh-Pittsburgh Campus	Pittsburgh
us-princeton	62688	62688	2	Princeton University	Princeton
us-purdue	28794	9992	1	Purdue University-Main Campus	West Lafayette
us-rice	64144	64144	2	Rice University	Houston
us-rochester	67080	67080	2	University of Rochester	Rochester
us-rpi	64081	64081	2	Rensselaer Polytechnic Institute	Troy
us-rutgers	37441	17929	1	Rutgers University-New Brunswick	New Brunswick
us-saint-louis	55760	55760	2	Saint Louis University	Saint Louis
us-san-diego	59486	59486	2	University of San Diego	San Diego
us-seattle-u	56721	56721	2	Seattle University	Seattle
us-simmons	46874	46874	2	Simmons University	Boston
us-smu	67040	67040	2	Southern Methodist University	Dallas
us-south-carolina	35972	12688	1	University of South Carolina-Columbia	Columbia
us-stanford	65910	65910	2	Stanford University	Stanford
us-stevens	63462	63462	2	Stevens Institute of Technology	Hoboken
us-stony-brook	32741	10931	1	Stony Brook University	Stony Brook
us-suffolk	47550	47550	2	Suffolk University	Boston
us-syracuse	65528	65528	2	Syracuse University	Syracuse
us-tcu	61740	61740	2	Texas Christian University	Fort Worth
us-texas-am	40124	13154	1	Texas A&M University-College Station	College Station
us-tufts	70704	70704	2	Tufts University	Medford
us-tulane	68678	68678	2	Tulane University of Louisiana	New Orleans
us-tulsa	50061	50061	2	University of Tulsa	Tulsa
us-uab	22562	9098	1	University of Alabama at Birmingham	Birmingham
us-uc-davis	50974	16774	1	University of California-Davis	Davis
us-ucf	22467	6368	1	University of Central Florida	Orlando
us-uchicago	70662	70662	2	University of Chicago	Chicago
us-uc-irvine	49922	15722	1	University of California-Irvine	Irvine
us-ucla	49403	15203	1	University of California-Los Angeles	Los Angeles
us-uconn	43712	21044	1	University of Connecticut	Storrs
us-uc-santa-cruz	50205	16005	1	University of California-Santa Cruz	Santa Cruz
us-ucsb	50614	16414	1	University of California-Santa Barbara	Santa Barbara
us-ucsd	50958	16758	1	University of California-San Diego	La Jolla
us-uic	29884	14338	1	University of Illinois Chicago	Chicago
us-uiuc	35124	16004	1	University of Illinois Urbana-Champaign	Champaign
us-umass-amherst	40449	17772	1	University of Massachusetts-Amherst	Amherst
us-umass-boston	38125	15908	1	University of Massachusetts-Boston	Boston
us-unc	41203	8994	1	University of North Carolina at Chapel Hill	Chapel Hill
us-unr	27720	9578	1	University of Nevada-Reno	Reno
us-upenn	68686	68686	2	University of Pennsylvania	Philadelphia
us-usc	72097	72097	2	University of Southern California	Los Angeles
us-utah	30860	9620	1	University of Utah	Salt Lake City
us-ut-austin	44908	11688	1	The University of Texas at Austin	Austin
us-utsa	22051	9011	1	The University of Texas at San Antonio	San Antonio
us-uva	59512	21803	1	University of Virginia-Main Campus	Charlottesville
us-uw	43209	12973	1	University of Washington-Seattle Campus	Seattle
us-vanderbilt	67498	67498	2	Vanderbilt University	Nashville
us-vermont	45502	19058	1	University of Vermont	Burlington
us-virginia-tech	37764	15948	1	Virginia Polytechnic Institute and State University	Blacksburg
us-wake-forest	67642	67642	2	Wake Forest University	Winston-Salem
us-washu	65790	65790	2	Washington University in St Louis	St. Louis
us-william-mary	51038	25914	1	William & Mary	Williamsburg
us-wisconsin	42103	11603	1	University of Wisconsin-Madison	Madison
us-wpi	60965	60965	2	Worcester Polytechnic Institute	Worcester
us-wyoming	24178	7768	1	University of Wyoming	Laramie
us-yale	67250	67250	2	Yale University	New Haven
us-ohio-state	40022	13244	1	Ohio State University-Main Campus	Columbus
us-uc-riverside	49806	15606	1	University of California-Riverside	Riverside
us-uc-merced	49823	15623	1	University of California-Merced	Merced
